t,r,a,f,f,i,c
l,o,u,d
t,h,e,y,r,e
m,s,n
b,l,a,c,k,b,e,r,r,y
j,o,n,a,s
s,t,a,r,t,i,n,g
t,i,c,k,e,t
f,i,n,i,s,h,e,d
s,t,u,f,f
s,l,e,e,p
f,l,i,g,h,t
b,u,m,m,e,d
k,n,o
k,n,o,w,s
a,w,e,s,o,m,e
c,a,u,g,h,t
c,h,e,c,k,e,d
p,e,o,p,l,e
s,t,r,e,e,t
b,l,o,o,d,y
t,r,u,e
l,o,o,k
u,n,d,e,r,s,t,a,n,d
t,h,o,u,g,h,t
o,h,h,h
t,h,a,n,k,s
w,a,n
c,h,e,e,s,e
k,n,o,w
e,y,e
a,w,w
a,u,s,t,r,a,l,i,a
i,t,u,n,e,s
b,o,y
e,a,t
s,o,n
f,o,l,l,o,w,f,r,i,d,a,y
s,t
b,u,r,n
k,a,t,e
t,o,o,k
r,e,l,a,x
u,r
e,n,j,o,y
f,o,u,r
c,o,m,e,s
l,u,v
s,o,l,d
l,o,v,i,n,g
l,o,c,a,l
s,u,s,h,i
c,o,u,n,t,r,y
w,o,w
s,e,x
l,e,g,s
r,e,c,o,r,d
a,c,h,e
h,a,t,e
s,a,y
f,a,i,r
f,a,b,u,l,o,u,s
h,a,p,p,e,n
b,u,t,t
y,e,s
e,v,e,r,y,d,a,y
c,o,o,l
g,r,o,u,p
h,e,a,t
d,c
r,a,i,n
t,i,l,l
k,e,p,t
m,a,t,t,e,r
p,o,s,t,e,d
m,e,n
i,n,d,e,e,d
m,a,t,h,s
e,s,p,e,c,i,a,l,l,y
q,u,i,t,e
t,r,a,i,n,i,n,g
h,o,p,i,n,g
s,p,e,c,i,a,l
s,h,i,t
i,n,t,e,r,v,i,e,w
s,w,i,n,e
y,u,p
o,h,h
c,l,a,s,s,e,s
s,o,u,n,d,s
l,o,t
t,e,x,a,s
c,a,t,c,h,i,n,g
s,o,o,n
y,u,m
i,t,l,l
a,i,r,p,o,r,t
w,r,o,n,g
x,d
s,e,r,i,o,u,s,l,y
r,u,n
l,i,v,e
h,o,l,i,d,a,y
s,e,r,i,e,s
i,p,o,d
c,r,a,v,i,n,g
d,r,i,n,k,s
s,w,e,e,t,i,e
f,l,y
c,u,r,r,e,n,t,l,y
h,a,n,n,a,h
f,i,t
g,e,r,m,a,n,y
w,o,r,d,s
n,e,w,s
s,i,c,k
j,o,b
d,a,d
h,u,g
m,o,o,n
s,a,t
r,o,o,m
i,d
f,o,u,n,d
c,o,u,c,h
b,o,a,r,d
l,i,k,e
o,n,e
r,e,s,t
d,a,d,s
w,i,t,h,o,u,t
o,u,t,t,a
h,a,n,g
b,e,a,u,t,i,f,u,l
m,o,o,d
a,r,g,h
x,o,x,o
n,e,a,r,l,y
c,o,u,r,s,e
b,i,r,t,h,d,a,y
a,m,p
m,a,c,h,i,n,e
r,e,a,l
s,w,i,m,m,i,n,g
w,o,n,d,e,r,i,n,g
f,i,n,a,l,e
m,u,s,i,c
d,e,f
g,i,f,t
e,x,c,i,t,i,n,g
t,a,k,e
s,h,o,u,t
f,r,e,e
e,m,p,t,y
t,i,l
a,p,p,a,r,e,n,t,l,y
m,a,y,b,e
c,o,n,g,r,a,t,u,l,a,t,i,o,n,s
w,e,l,l
p,u,p,p,y
l,i,k,e,s
p,r,o,u,d
u,p,d,a,t,e,s
a,n,s,w,e,r
m,o,v,i,e
c,o,l,l,e,g,e
s,u,p,e,r
k,n,e,e
x,x
h,o,n,e,y
f,i,g,u,r,e,d
w,i,s,h,e,s
g,i,v,i,n,g
w,a,r,m
o,f,f,i,c,i,a,l
b,a,n,d
e,n,d
c,o,d,e
n,e,x,t
c,e,l,l
a,l,l,o,w,e,d
c,r,y
h,o,l,d
b,r,e,a,k
d,a,m,m,i,t
s,o,m,e,b,o,d,y
s,a,f,e
e,x,h,a,u,s,t,e,d
m,a,t,c,h
p,e,e,p,s
n,a,i,l,s
t,h,a,t,s
w,a,l,k
s,t,a,r,t
f,o,r,g,e,t
n,u,m,b,e,r
h,a,p,p,e,n,i,n,g
c,o,m,p,a,n,y
t,h,a,n,k
h,u,g,s
l,i,l
p,e,r,s,o,n
d,e,n,t,i,s,t
t,a,l,k,i,n,g
p,a,s,t
t,h,i,n,k,i,n,g
a,w
c,h,i,l,l,i,n
a,l,i,v,e
p,i,c,s
d,a,r,n
t,a,k,i,n,g
s,h,o,p,p,i,n,g
m,o,v,e,d
s,t,a,y
a,p,p
b,a,b,y
b,o,s,s
g,u,e,s,s
a,l,t,h,o,u,g,h
h,u,n,g,r,y
j,u,s
n,e,a,r
a,w,f,u,l
s,t,u,d,y,i,n,g
m,e,s,s,a,g,e
e,v,e,r,y,o,n,e
b,a,t,h
t,r,a,v,e,l
s,t,r,a,n,g,e
o,o,h
t,a,s,t,e
t,o,t,a,l,l,y
t,a
t,h,x
r,o,c,k,s
w,a,t
a,i,r
s,e,c,r,e,t
w,e,b,s,i,t,e
c,a,l,l,s
d,e,s,i,g,n
h,o,m,e,w,o,r,k
d,e,p,r,e,s,s,e,d
t,o,n,i,g,h,t
d,a,y,s
u,h
k,i,d,d,i,n,g
t,r,i,e,d
k,n,e,w
y,a
l,o,w
f,r,i,e,n,d,s
s,t,a,r,t,e,d
m,a,d,e
m,i,n,e
v,s
s,i,d,e
e,h
l,o,n,e,l,y
s,a,t,u,r,d,a,y
e,a,r,l,i,e,r
p,i,s,s,e,d
l,m,a,o
a,s,l,e,e,p
p,h,o,n,e
b,r,i,l,l,i,a,n,t
t,r,a,i,l,e,r
p,r,o,m,i,s,e
s,c,i,e,n,c,e
d,u,n,n,o
b,u,s,y
i,n,s,i,d,e
h,i,g,h
l,a,u,g,h
c,h,i,l,l
s,e,s,s,i,o,n
w,a,t,c,h,i,n
b,c
o,u,t,s,i,d,e
f,f
y,r
v,i,p
v,a,c,a,t,i,o,n
c,r,a,p
c,o,p,y
m,y,s,p,a,c,e
e,n,j,o,y,e,d
s,h,o,r,t
m,i,d,n,i,g,h,t
a,f,f,o,r,d
e,m
f,i,x
l,a,y
w,e,d,d,i,n,g
e,x,a,m,s
h,e,l,p,i,n,g
p,i,n,k
s,c,a,r,y
p,r,o,b
a,n,o,t,h,e,r
n,o,p,e
h,a,t,e,s
j,a,m,e,s
f,e,v,e,r
h,i,s,t,o,r,y
n,y
s,a,y,s
w,o,r,k,e,d
s,h,a,r,i,n,g
t,r,y,i,n,g
e,t,c
n,o,s,e
g,o,o,d
s,l,o,w
d,r,i,n,k,i,n,g
p,e,r,s,o,n,a,l
d,o,c,t,o,r
w,o,m,a,n
p,a,r,i,s
y,o
b,u,t,t,o,n
d,o,g,s
s,t,o,p,p,e,d
i,m,a
a,r,t
h,o,r,r,i,b,l,e
f,o,l,k,s
x,b,o,x
t,o,u,c,h
e,p,i,s,o,d,e
b,l,o,g
b,y,e
s,h,o,w,e,r
r,e,a,l,l,y
a,g,e,s
s,i,l,l,y
b,a,b,e
c,u,p
a,s,s
h,a,h,a,h,a
w,a,n,t,e,d
t,w,e,e,t,d,e,c,k
h,i,l,a,r,i,o,u,s
d,a,d,d,y
w,o,r,k
p,l,a,n,s
s,m,i,l,e
o,k,a,y
a,h,h,h
w,h,a,t,e,v,e,r
i,n,t,e,r,n,e,t
s,o,n,g
g,i,v,e
t,o,p
b,f,f
s,t,a,y,i,n,g
c,l,o,t,h,e,s
r,o,w
n,e,e,d,s
k,i,l,l,i,n,g
d,e,a,r
w,e,e,k,s
f,a,n
d,r,e,a,m
c,h,a,t
s,e,n,d
r,e,l,a,x,i,n,g
w,o,n,d,e,r,f,u,l
a,u,g,u,s,t
c,o,o,k,i,n,g
s,h,o,p
a,n,n,o,y,e,d
s,w,e,a,r
d,i,e
o,h
w,a,i,t
s,e,e,m
c,o,o,k
g,a,m,e
d,e,m,i
e,x,t,r,a
t,h,a,n,x
p,r,o,b,l,e,m,s
s,o,o
g,u,y,s
m,i,n,s
u,s,e,d
r,e,p,l,y
a,r,e,n,t
s,o,o,o,o,o
l,e,a,r,n
m,o,m,e,n,t
h,a,h,a,h,a,h,a
d,e,c,i,d,e,d
u,p,l,o,a,d
h,e,a,d,a,c,h,e
m,a,r,a,t,h,o,n
v,e,g,a,s
s,e,l,l
y,o,u,l,l
s,t,a,t,i,o,n
t,w,e,e,t,s
f,a,c,e,b,o,o,k
c,a,r
c,u,t,e
w,o,r,r,y
m,r
l,a,t,e,r
s,t,a,r,t,s
s,o,m,e,t,h,i,n,g
p,e,r,f,e,c,t
q,u,i,e,t
s,t,i,c,k
p,l,a,n,e
n,i,g,h,t,s
d,r,u,n,k
b,i,t
a,v,a,i,l,a,b,l,e
h,u,r,t,i,n,g
y,e,s,t,e,r,d,a,y
c,h,e,e,r
r,o,u,n,d
h,a,n,g,o,v,e,r
f,a,v,o,u,r,i,t,e
h,o,u,s,e
l,e,t
a,l,w,a,y,s
t,e,r,r,i,b,l,e
n,o,t,h,i,n,g
r,a,t,h,e,r
a,n,n,o,y,i,n,g
d,e,p,r,e,s,s,i,n,g
c,o,n,c,e,r,t
a,l,s,o
n,o,b,o,d,y
s,a,d
q,u,o,t,i
f,r,o,n,t
t,o,m,o,r,r,o,w
f,u,l,l
f,r,i,d,a,y
f,l,y,i,n,g
t,o,w,n
t,w,i,c,e
m,s
b,a,t,t,e,r,y
s,i,n,g,l,e
a,b,l,e
f,o,o,d
e,x,p,e,n,s,i,v,e
w,o,r,l,d
f,u,c,k
w,o,r,d
r,o,a,d
s,h,o,u,l,d,n,t
n,o,t
b,r,i,g,h,t
c,r,y,i,n,g
d,i,f,f,e,r,e,n,t
b,r,o,t,h,e,r,s
f,e,e,l,s
w,a,t,c,h,i,n,g
p,o,w,e,r
e,y,e,s
y,o,u,v,e
a,c,c,o,u,n,t
r,e,a,l,i,z,e,d
n,a,p
s,h,i,f,t
d,r,i,n,k
f,a,v,e
c,o,m,p,l,e,t,e
d,a,n,g
e,x,c,e,l,l,e,n,t
p,a,n,t,s
c,l,o,s,e
f,o,r,g,o,t
i,c,e
p,o,s,t
s,o,n,g,s
k,e,e,p,s
h,i,l,l,s
y,a,l,l
w,e,l,c,o,m,e
s,l,e,e,p,y
t,w,i,l,i,g,h,t
n,o,r,m,a,l
w,e,d,n,e,s,d,a,y
d,e,s,e,r,v,e
f,l,o,o,r
b,d,a,y
a,w,w,w
d,m
c,h,i,c,a,g,o
l,a,z,y
m,i,s,s,e,d
s,o,m,e,w,h,e,r,e
m,e,a,n,s
s,i,m,s
s,u,n,d,a,y
s,p,e,n,t
t,w,o
l,o,n,d,o,n
l,o,o,k,s
y,o,u,r,e
j,b
t,e,x,t
a,p,p,l,e
b,i,t,c,h
l,a,p,t,o,p
g,u,y
w,e,r,e,n,t
s,a,i,d
d,n,t
e,v,e,r,y,t,h,i,n,g
r,e,m,e,m,b,e,r
b,a,c,k,g,r,o,u,n,d
b,o,o,k,s
c,o,l,d
h,u,b,b,y
b,l,o,o,d
q,u,o,t,t,h,e
s,c,a,r,e,d
b,o,r,e,d
r,i,d,e
b,o,x
s,t,e,p
g,o,d
f,i,n,a,l,l,y
b,r,o,k,e,n
v,i,e,w
m,i,d,d,l,e
m,o,b,i,l,e
a,i,n,t
d,r,e,a,m,s
a,l,r,i,g,h,t
l,a,k,e
b,i,g
h,u,g,e
r,e,t,u,r,n
c,r,a,p,p,y
m,i,n
p,l,a,n
h,e,a,d,e,d
c,a,n,a,d,a
n,a,h
p,o,p
h,u,r,t,s
w,e,a,r
u,p,s,e,t
c,r,i,e,d
h,a,v
s,h,o,o,t
i,n,s,t,e,a,d
s,h,o,w,s
o,o,o,h
r,a,i,n,y
d,y,i,n,g
j,u,l,y
s,l,e,e,p,i,n,g
d,r
h,u,h
l,o,s,s
u,g,h
r,e,d
c,o,s
g,r,e,a,t
l,o,v,e,d
l,i,s,t
p,o,s,i,t,i,v,e
s,c,r,e,e,n
n,o,t,i,c,e,d
a,r,t,i,c,l,e
s,u,r,p,r,i,s,e
q,u,i,c,k
a,l,b,u,m
t,u,m,m,y
t,e,a
s,i,s,t,e,r,s
h,u,r,t
h,a,n,g,i,n,g
s,m,e,l,l
w,e,b
d,i,s,a,p,p,o,i,n,t,e,d
l,o,a,d,s
s,i,t,e
d,a,n,n,y
l,o,o,k,e,d
b,r,a,i,n
l,e,a,r,n,i,n,g
d,a,n,c,e
m,i,n,u,t,e,s
b,r,o,k,e
g,r,a,d
w,i,s,h,i,n,g
a,n,y,o,n,e
e,p,i,c
l,o,l
d,o,e,s,n,t
i,d,e,a
m,o,m
p,l,a,y
m,i,s,s,e,s
c,a,n,t
p,i,c,t,u,r,e
p,r,o,f,i,l,e
b,b,q
w,o,k,e
d,a,t,e
r,a,n
g,o,o,d,n,e,s,s
s,c,h,o,o,l
l,o,s,t
c,o,z
w,i,t
s,e,n,d,i,n,g
g,u,i,t,a,r
e,a,s,i,e,r
d,o,n,t
f,i,r,e
v,i,d
n,i,c,e
w,a,k,i,n,g
l,e,t,s
b,e,s,t
s,t,o,r,m
a,r,m
t,i,c,k,e,t,s
w,e,d
h,a,h,a
g,e,t,s
l,o,v,e,l,y
v,e,r,s,i,o,n
a,h,h
h,e,a,d,i,n,g
l,a,d,y
m,o,n,t,h,s
p,s
s,o,o,o
e,a,r,l,y
m,o,r,n,i,n,g
f,o,r,e,v,e,r
l,i,t,t,l,e
b,o,o,k
b,r,e,a,k,i,n,g
l,i,k,e,d
d,r,i,v,i,n,g
t,h,u,r,s,d,a,y
b,u,d,d,y
m,o,v,e
f,o,r,w,a,r,d
s,h,o,e,s
b,r,e,a,k,f,a,s,t
o,o,p,s
m,i,n,u,t,e
t,o,u,r
r,i,g,h,t
t,h,i,n,g
h,a,n,d,s
m,o,m,m,y
u,s
s,t,u,d,y
s,i,t,t,i,n,g
w,t,f
n,o
f,e,e,l
p,l,e,a,s,e
w,r,o,t,e
r,i,n,g
a,n,y,w,a,y
w,h,o,s
s,i,g,n
f,a,t
p,l,a,c,e
l,e,t,t,i,n,g
p,i,e,c,e
w,a,s,n,t
a,r,o,u,n,d
t,o,g,e,t,h,e,r
s,o,m,e,t,i,m,e,s
w,a,i,t,i,n,g
b,r,o,t,h,e,r
f,e,e,t
w,e,t
d,a
j,k
s,e,a,r,c,h
m,i,g,h,t
w,a,n,t,s
t,e,e,t,h
g,i,r,l,s
c,o,u,p,l,e
a,f,t,e,r,n,o,o,n
p,l,a,y,i,n,g
e,n,o,u,g,h
e,i,t,h,e,r
t,a,y,l,o,r
p,i,z,z,a
s,o,r,r,y
k,i,d
s,t,o,p
e,n,g,l,a,n,d
w,o,r,k,i,n,g
c,a,k,e
e,n,j,o,y,i,n,g
h,o,m,e
s,u,r,e
a,w,w,w,w
l,i,n,k
f,i,g,h,t
t,o,l,d
d,v,d
b,u,n,c,h
h,o,p,e
f,o,l,l,o,w,e,d
f,a,i,l,e,d
e,x,c,e,p,t
w,o,u,l,d,n,t
h,a,v,e,n,t
t,e,a,r,s
w,o,u,l,d
n,e,e,d
r,e,v,i,s,i,o,n
t,h,r,e,e
l,a,u,g,h,i,n,g
u,s,u,a,l
e,m,a,i,l
h,o,p,e,f,u,l,l,y
f,a,m
m,u,m
u,s,e
w,i,f,e
c,h,o,c,o,l,a,t,e
a,d,d
l,e,a,s,t
i,m
t,r,o,u,b,l,e
d,e,a,t,h
h,o,w,s
p,i,c,t,u,r,e,s
e,v,e,n,t
y,e,p
i,m,a,g,i,n,e
a,d,o,r,a,b,l,e
s,i,n,c,e
n,a,m,e
d,u,e
m,i,l,e,y
a,m,e,r,i,c,a,n
b,a,n,k
n,a
s,t,o,m,a,c,h
e,a,s,y
s,u,p,p,o,s,e,d
m,o,v,i,e,s
i,p,h,o,n,e
e,a,t,i,n,g
b,o,a,t
l,o,t,s
h,m,m,m
v,i,s,i,t
i,d,e,a,s
t,r,i,p
m,a,k,i,n,g
g,l,a,s,s
s,o,m,e,t,i,m,e
f,i,s,h
n,e,v,e,r
a,d,d,e,d
f,a,n,t,a,s,t,i,c
d,i,e,d
f,a,m,i,l,y
b,o,u,g,h,t
w,a,n,t,i,n,g
c,o,u,g,h
p,a,r,e,n,t,s
i,d,k
g,a,r,d,e,n
g,i,g
d,o,o,r
i,s,n,t
l,e,g
f,e,l,l
r,e,a,d,i,n,g
u,n,i
w,e,v,e
p,p,l
c,o,o,k,i,e,s
d,o,g
b,o,r,i,n,g
l,e,s,s,o,n
p,a,i,d
t,h,i,n,g,s
l,u,c,k
y,u,m,m,y
p,a,p,e,r
t,w,e,e,p,s
a,r,r,i,v,e,d
l,i,f,e
t,i,m,e,s
a,c,t,u,a,l,l,y
d,a,r,k
s,e,e,i,n,g
a,s,k,i,n,g
b,e,l,i,e,v,e
t,h,a
a,g,r,e,e
h,a,h,a,h
f,o,o,t
s,o,o,o,o
l,i,g,h,t
m,a,k,e
k,i,d,s
t,y,p,e
m,o,t,h,e,r
k,i,l,l,e,d
p,a,y
c,h,i,c,k,e,n
f,i,n,a,l,s
e,n,g,l,i,s,h
d,r,a,m,a
h,a,i,r
f,a,t,h,e,r,s
v,i,d,e,o,s
a,h
t,e,l,l
l,a,t,e,l,y
g,o,r,g,e,o,u,s
f,i,x,e,d
e,x,a,c,t,l,y
r,u,n,n,i,n,g
c,o,u,l,d
n,i,g,h,t
a,p,p,r,e,c,i,a,t,e
p,r,a,c,t,i,c,e
c,i,t,y
c,d
a,f,r,a,i,d
m,e,a,n
f,a,i,l
j,o,y
c,l,e,a,n,i,n,g
g,o,t,t,e,n
h,o,t
s,t,a,r,b,u,c,k,s
s,e,x,y
b,a,d,l,y
u,s,u,a,l,l,y
c,a,l,l,i,n,g
x,o
p,u,t
t,h,o
p,i,c,k
s,u,n,n,y
w,e,e,k,e,n,d
l,e,f,t
g,o,i,n,g
g,o,o,g,l,e
v,i,d,e,o
b,l,a,s,t
s,h,o,t
k,i,c,k
h,e,h,e
t,w,e,e,t,i,n,g
m,i,s,s
t,u,e,s,d,a,y
y,e,a,r,s
s,t,y,l,e
s,m,a,l,l
b,a,c,k
n,e,c,k
y,e,a,r
u,k
n,e,r,v,o,u,s
t,o,n,i,t,e
p,e,r,h,a,p,s
w,a,y
c,a,r,e
d,r,i,v,e
c,o,f,f,e,e
a,w,a,r,d,s
b,o,d,y
t,o,u,g,h
s,a,v,e
p,a,c,k
d,o,i,n
h,u,s,b,a,n,d
p,l,s
f,i,n,i,s,h
s,h,u,t
s,t,a,r
p,o,o,l
t,e,a,m
m,e,a,n,t
s,t,o,r,y
s,e,n,s,e
o,r,d,e,r
s,i,s
m,a,n
j,o,i,n
s,t,u,p,i,d
f,i,l,m
f,a,l,l
h,a,s,n,t
c,r,a,z,y
m,o,n,d,a,y
p,r,o,j,e,c,t
f,r,e,n,c,h
a,t,e
l,a,t,e
s,a,y,i,n,g
d,a,y
f,i,n,e
k,i,s,s
p,l,u,s
c,r,e,a,m
h,e,a,r,d
h,e,a,d
g,o,o,d,b,y,e
s,o,m,e,o,n,e
b,r,i,n,g
s,e,e,m,s
w,a,t,c,h,e,d
f,o,l,l,o,w
b,u,m,m,e,r
l,i,b,r,a,r,y
c,a,t,s
f,r,e,s,h
w,e,s,t
h,o,l,y
s,e,c,o,n,d
c,a,r,d
s,i,t
g,r,a,d,u,a,t,i,o,n
e,n,d,e,d
w,o,o
f,l,u
m,a,c
a,w,a,k,e
i,v,e
w,o,r,k,o,u,t
u,p,d,a,t,e
p,o,i,n,t
b,u,g
t,a,l,k
b,b
c,a,l,l,e,d
i,s,s,u,e,s
y,e,t
t,u,r,n
c,h,i,n,e,s,e
s,h,i,r,t
a,g,e
l,e,a,v,i,n,g
b,o,y,f,r,i,e,n,d
f,a,c,t
e,v,e,r,y,b,o,d,y
k,i,t,t,y
s,o,u,p
f,o,l,l,o,w,e,r,s
e,v,e,n,i,n,g
s,p,e,n,d,i,n,g
w,i,i
t,u,r,n,s
b,u,s
l,u,n,c,h
f,i,r,s,t
m,o,r,n,i,n
m,u,s,t
p,e,a,c,e
j,o,e
f,r,i,e,n,d
t,r,a,i,n
p,a,i,n
c,o,m,p,u,t,e,r
b,u,r,n,t
f,o,l,l,o,w,i,n,g
g,o,i,n
f,a,l,l,i,n,g
a,d,a,m
p,c
p,u,t,t,i,n,g
b,e,a,t
s,o,c,i,a,l
a,t,m
b,a,l,l
w,i,n,d,o,w,s
c,o,m,i,n,g
s,u,m,m,e,r
f,a,n,s
s,e,a,s,o,n
k,i,l,l
l,o,s,i,n,g
w,o,o,t
b,e,c,o,m,e
s,o,m,e,h,o,w
p,m
h,o,l,i,d,a,y,s
f,i,v,e
o,o
j,e,a,l,o,u,s
t,h,e,r,e,s
w,a,l,k,i,n,g
s,h,e,s
a,n,y,w,a,y,s
u,n,f,o,r,t,u,n,a,t,e,l,y
g,o
c,a,m,e,r,a
a,n,y,t,h,i,n,g
w,e,i,r,d
o,f,f,i,c,i,a,l,l,y
f,o,l,l,o,w,e,r
t,h,i,n,k
d,r,o,p,p,e,d
h,a,p,p,e,n,e,d
l,a,d,i,e,s
m,o,m,s
a,l,r,e,a,d,y
d,e,f,i,n,i,t,e,l,y
c,o,u,n,t
b,e,a,c,h
w,h,e,r,e,s
e,a,r
b,u,y,i,n,g
c,h,a,n,c,e
i,n,f,o
m,a,r,k
b,e,h,i,n,d
h,e,r,e,s
l,i,v,i,n,g
i,n,t,e,r,e,s,t,i,n,g
c,a,l,l
l,o,n,g
g,a,m,e,s
l,a,k,e,r,s
l,o,v,e,s
s,t,r,o,n,g
c,o,u,l,d,n,t
s,i,s,t,e,r
w,i,n
r,o,b
a,g,o
s,i,m,p,l,e
w,a,k,e
h,a
b,r,o,w,n
h,e,s
h,o,u,r
c,o,n,g,r,a,t,s
a,l,o,n,g
g,o,t
s,k,y
m,c,f,l,y
s,e,e
b,r,o
t,o,m
g,a,y
w,h,i,t,e
g,y,m
h,e,a,r
c,u,t
m,e,e,t,i,n,g
s,e,r,i,o,u,s
g,o,o,d,n,i,g,h,t
d,a,n,c,i,n,g
g,o,n,e
m,i,l,e,s
t,w,e,e,t
w,o,n,d,e,r
w,e,a,r,i,n,g
c,o,m,e
s,e,n,t
m,m,m
n,e,e,d,e,d
r,e,l,e,a,s,e
s,y,s,t,e,m
f,a,v,o,r,i,t,e
b,a,r
h,o,s,p,i,t,a,l
w,o,r,s,e
h,a,p,p,y
p,r,o,m
q,u,o,t
d,i,s,n,e,y
c,l,u,b
o,m,g
c,h,e,c,k
g,o,e,s
t,r,a,c,k
a,h,e,a,d
i,m,m,a
d,o,u,b,t
o,n,l,i,n,e
t,r,y
l,a,n,d
l,a,m,e
m,a,g,i,c
u,p,d,a,t,e,d
b,l,a,c,k
o,u,c,h
s,o,r,t
s,t,r,a,i,g,h,t
f,e,l,t
l,a,s,t
s,u,n
t,h,r,u
t,u,r,n,e,d
s,h,o,w,i,n,g
p,a,r,k
k,e,e,p
w,e,n,t
b,i,k,e
k,i,n,d,a
a,s,k
p,l,a,n,n,i,n,g
h,i
t,w,i,t,t,e,r
t,w,i,t,t,e,r,i,n,g
o,k
w,r,i,t,e
c,a,m,e
s,t,a,t,e
r,a,d,i,o
l,u,c,k,y
l,a
l,i,n,e
m,a,l,l
s,w,e,e,t
f,r,e,a,k,i,n,g
f,e,e,l,i,n,g
s,h,a,m,e
l,a,y,i,n,g
j,u,n,e
m,e,e,t
w,o,o,h,o,o
h,e,l,l,o
t,h,u,n,d,e,r
t,v
l,o,n,g,e,r
e,x,a,m
p,r,o,b,l,e,m
c,o,m,p,l,e,t,e,l,y
g,u,n,n,a
d,a,u,g,h,t,e,r
s,a,n
m,e,d,i,a
c,h,a,n,g,e,d
l,o,a,d
m,t,v
f,u,t,u,r,e
s,t,u,c,k
r,a,i,n,i,n,g
m,e,t
h,o,t,e,l
g,e,t,t,i,n,g
s,t,o,r,e
k,i,t,c,h,e,n
h,r,s
p,r,a,y
r,e,v,i,e,w
s,p,e,a,k
f,i,n,g,e,r,s
b,r,o,u,g,h,t
d,u,d,e
d,i,d,n,t
p,r,o,d,u,c,t,i,v,e
d,a,m,n
f,r,a,n,c,e
b,u,y
c,a,m,p
m,e,n,t,i,o,n
t,r,e,k
g,e,t,t,i,n
p,o,s,s,i,b,l,e
f,e,e,l,i,n
h,a,l,f
s,u,m
f,a,c,e
v,i,a
s,i,n,g,i,n,g
h,u,n
w,o,r,k,s
n,e,w
g,u,t,t,e,d
w,a,t,c,h
m,o,n,e,y
w,e,e,k
c,h,e,e,r,s
t,h,r,o,a,t
s,i,g,h
q,u,e,s,t,i,o,n
u,n,l,e,s,s
m,u,c,h
l,e,s,s
r,e,a,l,i,z,e
c,o,m,m,e,n,t,s
n,i,c,k
a,n,y,w,h,e,r,e
m,a,y
f,r,e,a,k,i,n
s,e,e,n
f,u,c,k,i,n,g
w,r,i,t,i,n,g
p,l,z
t,h,i,n,k,s
t,w,e,e,t,e,d
y,e,a,h
s,h,a,r,e
b,a,d
c,h,a,n,g,e
w,o,r,t,h
o,f,t,e,n
i,s,l,a,n,d
w,i,s,h
p,a,s,s
a,r,e,a
k,i,n,d
s,a,l,e
w,e,a,t,h,e,r
w,e,e,k,e,n,d,s
h,a,r,d
p,l,a,y,e,d
c,l,a,s,s
e,x,c,i,t,e,d
d,r,o,p
m,o,n,t,h
s,u,n,s,h,i,n,e
h,a,r,r,y
m,o,v,i,n,g
p,a,s,s,e,d
c,h,r,i,s
d,e,l,i,c,i,o,u,s
f,m,l
s,t,i,l,l
p,o,o,r
v,o,i,c,e
p,a,g,e
r,a,n,d,o,m
h,i,t
t,h,r,o,w
d,e,a,d
c,h,o,i,c,e
p,a,c,k,i,n,g
h,m,m
n,y,c
b,o,u,t
b,r,a,z,i,l
t,r,u,s,t
e,v,e,r
w,i,n,e
f,i,n,a,l
e,x,p,e,r,i,e,n,c,e
e,n,d,i,n,g
m,a,n,y
f,i,g,u,r,e
j,o,n
i,l,l
b,i,r,d
s,p,a,c,e
e,n,e,r,g,y
c,a,t,c,h
l,i,s,t,e,n
f,b
o,n,e,s
g,i,r,l
y,o,u,n,g
e,v,e,r,y,w,h,e,r,e
g,l,a,d
w,h,o,l,e
y,o,u,t,u,b,e
d,o,u,b,l,e
c,h,a,n,n,e,l
b,a,g
y,a,y
s,l,e,p,t
o,p,e,n
s,o,u,t,h
b,e,e,r
c,h,e,c,k,i,n,g
c,h,u,r,c,h
b,g,t
g,o,n
s,p,e,n,d
h,o,u,r,s
v,o,t,e
f,a,v
p,h,o,t,o
l,o,o,k,i,n,g
m,a,t,e
t,o,d,a,y
i,m,p,o,r,t,a,n,t
l,i,s,t,e,n,i,n,g
r,i,p
g,e,t
r,e,a,s,o,n
w,o,n,t
h,o,w,e,v,e,r
h,a,n,d
k,e,e,p,i,n,g
m,i,s,s,i,n,g
d,r,e,s,s
a,s,k,e,d
c,o,m,m,e,n,t
s,a,d,l,y
r,e,a,d
s,u,c,k,s
y,o,r,k
x,x,x
m,o,t,h,e,r,s
j,o,h,n
s,o,u,n,d
e,n,t,i,r,e
u,g,l,y
r,o,l,l
w,o,r,s,t
m,a,i,l
d,i,n,n,e,r
c,o,u,s,i,n,s
c,u,z
a,m,e,r,i,c,a
a,l,m,o,s,t
f,i,n,g,e,r
e,v,e,n
c,a,n,c,e,l,l,e,d
y,o,u,d
e,l,s,e
s,u,p,p,o,r,t
s,e,l,f
p,r,e,t,t,y
t,w,i,t,t,e,r,s
r,o,c,k
s,h,o,w
p,a,r,t,y
c,a,t
o,f,f,i,c,e
t,o,d,a,y,s
t,e,l,l,i,n,g
a,n,y,m,o,r,e
b,u,s,i,n,e,s,s
m,a,m,a
m,a,d
i,n,v,i,t,e
w,a,t,e,r
j,o,k,e
f,u,n
w,i,n,d,o,w
t,i,m,e
b,e,t
g,a,v,e
d,e,a,l
s,e,r,v,i,c,e
c,a,s,e
o,t,h,e,r,s
m,a,k,e,s
u,m
m,a,t,h
b,l,a,h
n,i,t,e
s,t,a,g,e
l,o,v,e
s,t,r,e,s,s
l,i,e
r,e,a,d,y
b,o,y,s
p,a,r,t
h,a,p,p,e,n,s
w,a,n,t
t,h,o,u,g,h
t,e,s,t
b,l,e,s,s
g,t
b,l,u,e
b,e,d
g,r,e,e,n
n,o,t,e
s,a,w
m,o,u,t,h
r,e,p,o,r,t
b,o,o
h,e,l,p
l,a,u,n,d,r,y
p,i,c
b,e,t,t,e,r
m,e,s,s
l,e,a,v,e
f,i,n,d,i,n,g
w,o,r,r,i,e,d
p,h,o,t,o,s
m,i,n,d
n,o,n,e
p,r,o,b,a,b,l,y
s,t,a,n,d
b,i,l,l
s,h,a,l,l
r,a,c,e
l,o,s,e
s,e,t
f,a,s,t
w,h,a,t,s
c,o,u,s,i,n
m,e,s,s,a,g,e,s
m,i,l,k
t,a,k,e,s
s,i,n,g
s,t,u,d,i,o
t,a,n
c,o,n,f,u,s,e,d
y,e,a
e,v,e,r,y
c,o,v,e,r
t,h,o,u,g,h,t,s
b,a,r,e,l,y
g,o,s,h
p,i,c,k,e,d
c,l,o,s,e,d
c,a,u,s,e
s,u,c,k
a,b,s,o,l,u,t,e,l,y
t,a,k,e,n
d,a,v,i,d
a,h,h,h,h
s,o,r,e
a,l,o,t
d,o,w,n,l,o,a,d
h,e,a,r,t
h,e,l,l
h,e,y
u,s,i,n,g
o,l,d
a,m,a,z,i,n,g
s,t,a,y,e,d
d,o,n,e
s,u,p,p,o,s,e
b,t,w
d,e
f,u,n,n,y
f,i,n,d
a,w,a,y
m,a,j,o,r
t,a,l,k,e,d
b,f
f,a,r
c,l,e,a,n
t,i,r,e,d
a,l,o,n,e
